Name,Gender,Game,Age_range,Playable,Sexualization_total,Id,Species,Alliance,Function,Romantic_Interest
Farah,Female,CODMW,Adult,1,0,CODMW_Farah,Human,Protagonist,PA,0
Protagonist,Custom,PSS,Teenager,1,0,PSS_Protagonist,Human,Protagonist,PA,0
Magnolia,Female,PSS,Elderly,0,0,PSS_Magnolia,Human,Protagonist,SC,0
Sonia,Female,PSS,Adult,0,0,PSS_Sonia,Human,Protagonist,SC,0
Marnie,Female,PSS,Teenager,0,0,PSS_Marnie,Human,Both,MC,0
Oleana ,Female,PSS,Adult,0,0,PSS_Oleana,Human,Antagonist,SC,0
Peach,Female,SMO,Adult,0,2,SMO_Peach,Human,Protagonist,MC,1
Zelda,Female,BOTW,Teenager,0,0,BOTW_Zelda,Human,Protagonist,DA,0
Protagonist,Custom,PSM,Child,1,0,PSM_Protagonist,Human,Protagonist,PA,0
Ciri,Female,TW3,Young adult,0,2,TW3_Ciri,Human,Protagonist,DA,0
Clementine,Female,TWD,Child,0,0,TWD_Clementine,Human,Protagonist,DA,0
Frisk,Non-binary,UT,Teenager,1,0,UT_Frisk,Human,Protagonist,PA,0
Hunter,Custom,BB,Adult,1,0,BB_Hunter,Human,Protagonist,PA,0
Shield Knight,Female,SK,Adult,0,1,SK_Shield,Human,Protagonist,MC,1
Ellie,Female,TLOU,Child,0,0,TLOU_Ellie,Human,Protagonist,DA,0
Elizabeth,Female,BSI,Young adult,0,0,BSI_Elizabeth,Human,Protagonist,DA,0
Traveler,Non-binary,JRN,Unknown,1,1,JRN_Traveler,Humanoid,Protagonist,PA,0
Amanda,Female,GTAV,Middle-aged,0,3,GTAV_Amanda,Human,Both,SC,1
Tracy,Female,GTAV,Young adult,0,3,GTAV_Tracy,Human,Both,SC,0
Abigail Roberts,Female,RDR2,Young adult,0,0,RDR2_Abigail,Human,Protagonist,MC,0
Karen Jons,Female,RDR2,Adult,0,0,RDR2_Karen,Human,Protagonist,SC,0
Mary-Beth Gaskill,Female,RDR2,Young adult,0,0,RDR2_Mary-Beth,Human,Protagonist,SC,0
Molly O'Shea,Female,RDR2,Young adult,0,0,RDR2_Molly,Human,Protagonist,SC,0
Sadie Adler,Female,RDR2,Adult,0,0,RDR2_Sadie,Human,Protagonist,SC,0
Susan Grimshaw,Female,RDR2,Middle-aged,0,0,RDR2_Susan,Human,Protagonist,SC,0
Tilly Jackson,Female,RDR2,Young adult,0,0,RDR2_Tilly,Human,Protagonist,SC,0
Tiara,Female,SMO,Unknown,0,2,SMO_Tiara,Animated Object,Protagonist,SC,0
Mipha,Female,BOTW,Young adult,0,0,BOTW_Mipha,Humanoid,Protagonist,MC,0
Urbosa,Female,BOTW,Middle-aged,0,1,BOTW_Urbosa,Human,Protagonist,MC,0
Impa,Female,BOTW,Elderly,0,0,BOTW_Impa,Human,Protagonist,SC,0
Riju,Female,BOTW,Child,0,1,BOTW_Riju,Human,Protagonist,SC,0
Lillie,Female,PSM,Child,0,0,PSM_Lillie,Human,Protagonist,MC,0
Lusamine,Female,PSM,Middle-aged,0,0,PSM_Lusamine,Human,Antagonist,MA,0
Yennefer,Female,TW3,Adult,0,2,TW3_Yennefer,Human,Protagonist,MC,1
Triss ,Female,TW3,Adult,0,2,TW3_Triss,Human,Protagonist,SC,Opt
Keira Metz,Female,TW3,Adult,0,2,TW3_Keira,Human,Protagonist,SC,Opt
Roach,Female,TW3,Unknown,0,0,TW3_Roach,Animal,Protagonist,SK,0
Crones,Female,TW3,Unknown,0,0,TW3_Crones,Humanoid,Antagonist,SC,0
Maya,Female,BL2,Adult,1,0,BL2_Maya,Human,Protagonist,PA,0
Angel Guardian,Female,BL2,Adult,0,1,BL2_Angel,Human,Both,MC,0
Lilith,Female,BL2,Adult,0,0,BL2_Lilith,Human,Protagonist,MC,0
Tannis,Female,BL2,Adult,0,0,BL2_Tannis,Human,Protagonist,SC,0
Katja,Female,TWD,Middle-aged,0,0,TWD_Katja,Human,Protagonist,SC,0
Carley,Female,TWD,Adult,0,0,TWD_Carley,Human,Protagonist,SC,0
Lilly,Female,TWD,Adult,0,0,TWD_Lilly,Human,Both,MC,0
Brenda,Female,TWD,Adult,0,0,TWD_Brenda,Human,Antagonist,SC,0
Jolene,Female,TWD,Adult,0,0,TWD_Jolene,Human,Both,SC,0
Molly,Female,TWD,Young adult,0,0,TWD_Molly,Human,Protagonist,SC,0
Christa,Female,TWD,Adult,0,0,TWD_Christa,Human,Protagonist,SC,0
Brie,Female,TWD,Adult,0,0,TWD_Brie,Human,Protagonist,SC,0
Freya,Female,GOW,Adult,0,0,GOW_Freya,Human,Protagonist,MC,0
Elena,Female,UC4,Adult,0,0,UC4_Elena,Human,Protagonist,SC,1
Nadine,Female,UC4,Adult,0,0,UC4_Nadine,Human,Antagonist,MC,0
Toriel,Female,UT,Adult,0,0,UT_Toriel,Humanoid,Protagonist,MC,0
Undyne,Female,UT,Adult,0,0,UT_Undyne,Humanoid,Both,MC,0
Dr.Alphys,Female,UT,Adult,0,0,UT_Dr.Alphys,Humanoid,Protagonist,MC,0
Chara,Non-binary,UT,Adult,0,0,UT_Chara,Human,Protagonist,SC,0
Michael,Male,GTAV,Middle-aged,1,0,GTAV_Michael,Human,Protagonist,PA,0
Trevor,Male,GTAV,Middle-aged,1,0,GTAV_Trevor,Human,Protagonist,PA,0
Franklin,Male,GTAV,Adult,1,0,GTAV_Franklin,Human,Protagonist,PA,0
Jimmy,Male,GTAV,Young adult,0,0,GTAV_Jimmy,Human,Protagonist,SC,0
Lamar,Male,GTAV,Adult,0,0,GTAV_Lamar,Human,Protagonist,MC,0
Lester,Male,GTAV,Unknown,0,0,GTAV_Lester,Human,Protagonist,SC,0
Devin,Male,GTAV,Middle-aged,0,0,GTAV_Devin,Human,Antagonist,MA,0
Steve,Male,GTAV,Adult,0,0,GTAV_Steve,Human,Antagonist,SC,0
Chop,Male,GTAV,Unknown,0,0,GTAV_Chop,Animal,Protagonist,SK,0
Leon,Male,PSS,Young adult,0,0,PSS_Leon,Human,Protagonist,SC,0
Hop,Male,PSS,Teenager,0,0,PSS_Hop,Human,Protagonist,DA,0
Rose,Male,PSS,Adult,0,0,PSS_Rose,Human,Antagonist,MA,0
Bede,Male,PSS,Teenager,0,0,PSS_Bede,Human,Both,MC,0
Alex Echo,Male,CODMW,Adult,1,0,CODMW_Alex,Human,Protagonist,PA,0
Hadir Karim,Male,CODMW,Adult,0,0,CODMW_Hadir,Human,Both,MC,0
Kyle Garrick,Male,CODMW,Adult,1,0,CODMW_Kyle,Human,Protagonist,PA,0
Price John,Male,CODMW,Adult,0,0,CODMW_Price,Human,Protagonist,MC,0
Barkov Roman,Male,CODMW,Adult,0,0,CODMW_Barkov,Human,Antagonist,MA,0
Arthur Morgan,Male,RDR2,Adult,1,0,RDR2_Arthur,Human,Protagonist,PA,0
John Marston,Male,RDR2,Adult,0,0,RDR2_John,Human,Protagonist,MC,0
Bill Williamson,Male,RDR2,Adult,0,0,RDR2_Bill,Human,Protagonist,MC,0
Charles Smith,Male,RDR2,Adult,0,0,RDR2_Charles,Human,Protagonist,MC,0
Hosea Matthews,Male,RDR2,Middle-aged,0,0,RDR2_Hosea,Human,Protagonist,MC,0
Jack Marston,Male,RDR2,Infant,0,0,RDR2_Jack,Human,Protagonist,SC,0
Javier Escuella,Male,RDR2,Middle-aged,0,0,RDR2_Javier,Human,Protagonist,SC,0
Josiah Trelawney,Male,RDR2,Adult,0,0,RDR2_Josiah,Human,Protagonist,SC,0
Kieran Duffy,Male,RDR2,Adult,0,0,RDR2_Kieran,Human,Protagonist,SC,0
Lenny Summers,Male,RDR2,Young adult,0,0,RDR2_Lenny,Human,Protagonist,SC,0
Leopold Strauss,Male,RDR2,Middle-aged,0,0,RDR2_Leopold,Human,Protagonist,SC,0
Micah Bell,Male,RDR2,Adult,0,0,RDR2_Micah,Human,Both,MC,0
Mr.Pearson,Male,RDR2,Middle-aged,0,0,RDR2_Mr.Pearson,Human,Protagonist,SC,0
Swanson Reverend,Male,RDR2,Middle-aged,0,0,RDR2_Swanson,Human,Protagonist,SC,0
Sean McGuire,Male,RDR2,Young adult,0,0,RDR2_Sean,Human,Protagonist,SC,0
Uncle,Male,RDR2,Middle-aged,0,0,RDR2_Uncle,Human,Protagonist,SC,0
Cornwall,Male,RDR2,Middle-aged,0,0,RDR2_Cornwall,Human,Antagonist,MA,0
Mario,Male,SMO,Adult,1,0,SMO_Mario,Human,Protagonist,PA,0
Cappy,Male,SMO,Unknown,1,0,SMO_Cappy,Animated Object,Protagonist,SK,0
Bowser,Male,SMO,Unknown,0,0,SMO_Bowser,Humanoid,Antagonist,MA,0
Link,Male,BOTW,Teenager,1,0,BOTW_Link,Human,Protagonist,PA,0
Daruk,Male,BOTW,Middle-aged,0,0,BOTW_Daruk,Humanoid,Protagonist,MC,0
Revali,Male,BOTW,Young adult,0,0,BOTW_Revali,Humanoid,Protagonist,MC,0
Rhoam,Male,BOTW,Middle-aged,0,0,BOTW_Rhoam,Human,Protagonist,MC,0
Yunobo,Male,BOTW,Teenager,0,0,BOTW_Yunobo,Humanoid,Protagonist,SC,0
Sidon,Male,BOTW,Young adult,0,0,BOTW_Sidon,Humanoid,Protagonist,SC,0
Teba,Male,BOTW,Adult,0,0,BOTW_Teba,Humanoid,Protagonist,SC,0
Bludo,Male,BOTW,Adult,0,0,BOTW_Bludo,Humanoid,Protagonist,SC,0
Dorephan,Male,BOTW,Elderly,0,0,BOTW_Dorephan,Humanoid,Protagonist,SC,0
Kaneli,Male,BOTW,Elderly,0,0,BOTW_Kaneli,Humanoid,Protagonist,SC,0
Kohga,Male,BOTW,Adult,0,0,BOTW_Kohga,Humanoid,Antagonist,SC,0
DekuTree,Male,BOTW,Elderly,0,0,BOTW_DekuTree,Animated Plant,Protagonist,SC,0
Ganon,Male,BOTW,Unknown,0,0,BOTW_Ganon,Creature,Antagonist,MA,0
Hau,Male,PSM,Child,0,0,PSM_Hau,Human,Protagonist,MC,0
Professor Kukui,Male,PSM,Adult,0,0,PSM_Professor,Human,Protagonist,SC,0
Guzma,Male,PSM,Adult,0,0,PSM_Guzma,Human,Antagonist,MC,0
Gladion,Male,PSM,Teenager,0,0,PSM_Gladion,Human,Antagonist,SC,0
Geralt,Male,TW3,Adult,1,2,TW3_Geralt,Human,Protagonist,PA,0
Emhyr,Male,TW3,Adult,0,0,TW3_Emhyr,Human,Antagonist,SC,0
Dandelion,Male,TW3,Adult,0,0,TW3_Dandelion,Human,Protagonist,SC,0
Avallac'h,Male,TW3,Adult,0,0,TW3_Avallac'h,Human,Both,MC,0
Sigismund Dijkstra,Male,TW3,Adult,0,0,TW3_Sigismund,Human,Both,SC,0
Baron Bloody,Male,TW3,Adult,0,0,TW3_Baron,Human,Both,SC,0
Eredin,Male,TW3,Unknown,0,0,TW3_Eredin,Human,Antagonist,MA,0
Vesemir,Male,TW3,Adult,0,0,TW3_Vesemir,Human,Both,SC,0
Zoltan,Male,TW3,Adult,0,0,TW3_Zoltan,Human,Protagonist,SC,0
Regis,Male,TW3,Adult,0,0,TW3_Regis,Human,Protagonist,SC,0
Lambert,Male,TW3,Adult,0,0,TW3_Lambert,Human,Protagonist,SC,0
Whoreson Junior,Male,TW3,Adult,0,0,TW3_Whoreson,Human,Antagonist,SC,0
WildHunt,Male,TW3,Adult,0,0,TW3_WildHunt,Human,Antagonist,MA,0
Alex Mason,Male,CODBO2,Adult,1,0,CODBO2_Alex,Human,Protagonist,PA,0
Raul Mendez,Male,CODBO2,Adult,0,0,CODBO2_Raul,Human,Antagonist,MA,0
Frank Woods,Male,CODBO2,Adult,0,0,CODBO2_Frank,Human,Protagonist,MC,0
Jason Hudson,Male,CODBO2,Adult,0,0,CODBO2_Jason,Human,Protagonist,MC,0
Thomas Briggs,Male,CODBO2,Middle-aged,0,0,CODBO2_Thomas,Human,Protagonist,SC,0
David Mason,Male,CODBO2,Adult,1,0,CODBO2_David,Human,Protagonist,PA,0
Jonas Savimbi,Male,CODBO2,Adult,0,0,CODBO2_Jonas,Human,Protagonist,SC,0
Lev Kravchenko,Male,CODBO2,Adult,0,0,CODBO2_Lev,Human,Antagonist,SC,0
Mike Harper,Male,CODBO2,Adult,0,0,CODBO2_Mike,Human,Protagonist,SC,0
Viktor Reznov,Male,CODBO2,Adult,0,0,CODBO2_Viktor,Human,Antagonist,SC,0
Tian Zhao,Male,CODBO2,Adult,0,0,CODBO2_Tian,Human,Protagonist,SC,0
Farid,Male,CODBO2,Adult,0,0,CODBO2_Farid,Human,Both,SC,0
Axton,Male,BL2,Adult,1,0,BL2_Axton,Human,Protagonist,PA,0
Salvador,Male,BL2,Adult,1,0,BL2_Salvador,Human,Protagonist,PA,0
Zer0,Male,BL2,Unknown,1,0,BL2_Zer0,Humanoid,Protagonist,PA,0
Roland,Male,BL2,Adult,0,0,BL2_Roland,Human,Protagonist,MC,0
Brick,Male,BL2,Adult,0,0,BL2_Brick,Human,Protagonist,SC,0
Mordecai,Male,BL2,Adult,0,0,BL2_Mordecai,Human,Protagonist,SC,0
Handsome Jack,Male,BL2,Adult,0,0,BL2_Handsome,Human,Antagonist,MA,0
Wilhelm,Male,BL2,Adult,0,0,BL2_Wilhelm,Human,Antagonist,SC,0
Lee Everett,Male,TWD,Adult,1,0,TWD_Lee,Human,Protagonist,PA,0
Hershel Greene,Male,TWD,Middle-aged,0,0,TWD_Hershel,Human,Both,SC,0
Kenny,Male,TWD,Middle-aged,0,0,TWD_Kenny,Human,Protagonist,MC,0
Duck,Male,TWD,Child,0,0,TWD_Duck,Human,Protagonist,SC,0
Glenn,Male,TWD,Young adult,0,0,TWD_Glenn,Human,Protagonist,SC,0
Larry,Male,TWD,Elderly,0,0,TWD_Larry,Human,Both,SC,0
Mark,Male,TWD,Adult,0,0,TWD_Mark,Human,Protagonist,SC,0
Ben,Male,TWD,Young adult,0,0,TWD_Ben,Human,Protagonist,MC,0
Andrew,Male,TWD,Adult,0,0,TWD_Andrew,Human,Antagonist,SC,0
Danny,Male,TWD,Adult,0,0,TWD_Danny,Human,Antagonist,SC,0
Chuck,Male,TWD,Middle-aged,0,0,TWD_Chuck,Human,Protagonist,SC,0
Vernon,Male,TWD,Elderly,0,0,TWD_Vernon,Human,Protagonist,SC,0
Omid,Male,TWD,Adult,0,0,TWD_Omid,Human,Protagonist,SC,0
Campman,Male,TWD,Adult,0,0,TWD_Campman,Human,Antagonist,MA,0
Kratos,Male,GOW,Adult,1,0,GOW_Kratos,Human,Protagonist,PA,0
Atreus,Male,GOW,Child,0,0,GOW_Atreus,Human,Protagonist,DA,0
Baldur,Male,GOW,Adult,0,0,GOW_Baldur,Human,Antagonist,MA,0
Modi,Male,GOW,Adult,0,0,GOW_Modi,Human,Antagonist,SC,0
Magni,Male,GOW,Adult,0,0,GOW_Magni,Human,Antagonist,SC,0
Mimir,Male,GOW,Adult,0,0,GOW_Mimir,Humanoid,Protagonist,MC,0
Nate,Male,UC4,Adult,1,0,UC4_Nate,Human,Protagonist,PA,0
Sully,Male,UC4,Elderly,0,0,UC4_Sully,Human,Protagonist,MC,0
Sam,Male,UC4,Adult,0,0,UC4_Sam,Human,Protagonist,SK,0
Rafe Adler,Male,UC4,Adult,0,0,UC4_Rafe,Human,Antagonist,MA,0
Protagonist,Male,INS,Child,1,0,INS_Protagonist,Human,Protagonist,PA,0
CEO,Male,INS,Adult,0,0,INS_CEO,Human,Antagonist,MA,0
Flowey,Male,UT,Unknown,0,0,UT_Flowey,Animated Plant,Both,MC,0
Sans,Male,UT,Unknown,0,0,UT_Sans,Humanoid,Protagonist,MC,0
Papyrus,Male,UT,Adult,0,0,UT_Papyrus,Humanoid,Protagonist,MC,0
Mettaton,Male,UT,Unknown,0,0,UT_Mettaton,Humanoid,Both,MC,0
Asgore Dreemurr,Male,UT,Adult,0,0,UT_Asgore,Humanoid,Antagonist,MC,0
Asriel,Male,UT,Child,0,0,UT_Asriel,Humanoid,Both,MC,0
Doll,Female,BB,Unknown,0,0,BB_Doll,Humanoid,Protagonist,SC,0
Gahrman,Male,BB,Elderly,0,0,BB_Gahrman,Human,Both,MC,0
Gascoigne,Male,BB,Unknown,0,0,BB_Gascoigne,Human,Antagonist,SC,0
Micolash,Male,BB,Unknown,0,0,BB_Micolash,Human,Antagonist,MA,0
Shovel Knight,Male,SK,Adult,1,0,SK_Shovel,Human,Protagonist,PA,0
Black Knight,Male,SK,Adult,0,0,SK_Black,Human,Antagonist,MC,0
Enchantress,Female,SK,Adult,0,0,SK_Enchantress,Humanoid,Antagonist,MA,0
King Knight,Male,SK,Adult,0,0,SK_King,Human,Antagonist,SC,0
Specter Knight,Male,SK,Adult,0,0,SK_Specter,Human,Antagonist,SC,0
Plague Knight,Male,SK,Adult,0,0,SK_Plague,Humanoid,Antagonist,SC,0
Treasure Knight,Male,SK,Adult,0,0,SK_Treasure,Human,Antagonist,SC,0
Mole Knight,Male,SK,Adult,0,0,SK_Mole,Human,Antagonist,SC,0
Tinked Knight,Male,SK,Adult,0,0,SK_Tinked,Human,Antagonist,SC,0
Polar Knight,Male,SK,Adult,0,0,SK_Polar,Human,Antagonist,SC,0
Propeller Knight,Male,SK,Adult,0,0,SK_Propeller,Human,Antagonist,SC,0
Inspector,Male,PP,Adult,1,0,PP_Inspector,Human,Protagonist,PA,0
Jorji Costava,Male,PP,Adult,0,0,PP_Jorji,Human,Both,MC,0
Wife,Female,PP,Adult,0,1,PP_Wife,Human,Protagonist,SC,1
Son,Male,PP,Child,0,1,PP_Son,Human,Protagonist,SC,0
Mother-in-law,Female,PP,Elderly,0,1,PP_Mother-in-law,Human,Protagonist,SC,0
Uncle,Male,PP,Elderly,0,1,PP_Uncle,Human,Protagonist,SC,0
Joel,Male,TLOU,Middle-aged,1,0,TLOU_Joel,Human,Protagonist,PA,0
Tess,Female,TLOU,Adult,0,0,TLOU_Tess,Human,Protagonist,SC,0
Marlene,Female,TLOU,Adult,0,0,TLOU_Marlene,Human,Antagonist,MC,0
Tommy,Male,TLOU,Middle-aged,0,0,TLOU_Tommy,Human,Protagonist,SC,0
Bill,Male,TLOU,Middle-aged,0,0,TLOU_Bill,Human,Protagonist,SC,0
Henry,Male,TLOU,Adult,0,0,TLOU_Henry,Human,Protagonist,SC,0
Sam,Male,TLOU,Child,0,0,TLOU_Sam,Human,Protagonist,SC,0
David,Male,TLOU,Adult,0,0,TLOU_David,Human,Antagonist,SC,0
Booker,Male,BSI,Adult,1,0,BSI_Booker,Human,Protagonist,PA,0
Songbird,Non-binary,BSI,Unknown,0,0,BSI_Songbird,Robot,Both,MC,0
Comstock,Male,BSI,Adult,0,0,BSI_Comstock,Human,Antagonist,MA,0
Robert Lutece,Male,BSI,Adult,0,0,BSI_Robert,Human,Both,MC,0
Rosalind Lutece,Female,BSI,Adult,0,0,BSI_Rosalind,Human,Both,MC,0
Daisy Fitzroy,Female,BSI,Adult,0,0,BSI_Daisy,Human,Both,SC,0
Jacket,Male,HLM,Adult,1,0,HLM_Jacket,Human,Both,PA,0
Biker,Male,HLM,Adult,1,0,HLM_Biker,Human,Both,PA,0
Girlfriend,Female,HLM,Adult,0,2,HLM_Girlfriend,Human,Protagonist,SC,1
Richard,Male,HLM,Adult,0,0,HLM_Richard,Human,Both,SC,0
Rasmus,Male,HLM,Adult,0,0,HLM_Rasmus,Human,Both,SC,0
DonJuan,Female,HLM,Adult,0,0,HLM_DonJuan,Human,Both,SC,0
Beard,Male,HLM,Adult,0,0,HLM_Beard,Human,Protagonist,MC,0
Dennis Janitor,Male,HLM,Adult,0,0,HLM_Dennis,Human,Antagonist,SC,0
Jonatan Janitor,Male,HLM,Adult,0,0,HLM_Jonatan,Human,Antagonist,SC,0
Richter,Male,HLM,Adult,0,0,HLM_Richter,Human,Antagonist,SC,0
Ancestor,Non-binary,JRN,Unknown,0,0,JRN_Ancestor,Humanoid,Protagonist,SC,0
Companions,Non-binary,JRN,Unknown,0,0,JRN_Companions,Humanoid,Protagonist,SC,0
War Machines,Non-binary,JRN,Unknown,0,0,JRN_War,Robot,Antagonist,MA,0
Jason Brody,Male,FC3,Adult,1,0,FC3_Jason,Human,Protagonist,PA,0
Vaas Montenegro,Male,FC3,Adult,0,0,FC3_Vaas,Human,Protagonist,MA,0
Grant,Male,FC3,Adult,0,0,FC3_Grant,Human,Protagonist,SC,0
Dennis,Male,FC3,Adult,0,0,FC3_Dennis,Human,Both,SC,0
Daisy Fitzroy,Female,FC3,Adult,0,0,FC3_Daisy,Human,Protagonist,SC,0
Dr.Earnhardt,Male,FC3,Elderly,0,0,FC3_Dr.Earnhardt,Human,Both,SC,0
Citra Taulgami,Female,FC3,Adult,0,3,FC3_Citra,Human,Both,MC,1
Willis Huntley,Male,FC3,Elderly,0,0,FC3_Willis,Human,Protagonist,SC,0
Liza,Female,FC3,Young adult,0,1,FC3_Liza,Human,Protagonist,SC,1
Keith,Male,FC3,Young adult,0,0,FC3_Keith,Human,Protagonist,SC,0
Oliver,Male,FC3,Young adult,0,0,FC3_Oliver,Human,Protagonist,SC,0
Hoyt Volker,Male,FC3,Middle-aged,0,0,FC3_Hoyt,Human,Antagonist,MA,0
Sam Becker,Male,FC3,Middle-aged,0,0,FC3_Sam,Human,Protagonist,SC,0
Riley,Male,FC3,Young adult,0,0,FC3_Riley,Human,Protagonist,SC,0
Joker,Male,PSN5,Teenager,1,0,PSN5_Joker,Human,Protagonist,PA,0
Igor,Male,PSN5,Unknown,0,0,PSN5_Igor,Human,Protagonist,MC,0
Ryuji Sakamoto,Male,PSN5,Teenager,1,0,PSN5_Ryuji,Human,Protagonist,DA,0
Kamoshida,Male,PSN5,Adult,0,0,PSN5_Kamoshida,Human,Antagonist,SC,0
Morgana,Female,PSN5,Teenager,1,0,PSN5_Morgana,Humanoid-Animal,Protagonist,SK,0
Goro Akechi,Male,PSN5,Young adult,1,0,PSN5_Goro,Human,Both,MC,0
Shido,Male,PSN5,Middle-aged,0,0,PSN5_Shido,Human,Antagonist,MA,0
Lavenza,Female,PSN5,Unknown,0,0,PSN5_Lavenza,Human,Both,SC,0
Sojiro Sakura,Male,PSN5,Middle-aged,0,0,PSN5_Sojiro,Human,Protagonist,SC,0
Ann Takamaki,Female,PSN5,Teenager,1,2,PSN5_Ann,Human,Protagonist,DA,Opt
Shiho,Female,PSN5,Teenager,0,1,PSN5_Shiho,Human,Protagonist,SC,0
Yusuke Kitagawa,Male,PSN5,Teenager,1,0,PSN5_Yusuke,Human,Protagonist,MC,0
Makoto Nijima,Female,PSN5,Teenager,1,0,PSN5_Makoto,Human,Protagonist,MC,Opt
Sae Nijima,Female,PSN5,Young adult,0,0,PSN5_Sae,Human,Both,MC,0
Futaba Sakura,Female,PSN5,Teenager,0,0,PSN5_Futaba,Human,Protagonist,MC,Opt
Haru Okumura,Female,PSN5,Teenager,1,0,PSN5_Haru,Human,Protagonist,MC,Opt
Madarame,Male,PSN5,Middle-aged,0,0,PSN5_Madarame,Human,Antagonist,SC,0
Kaneshiro,Male,PSN5,Adult,0,0,PSN5_Kaneshiro,Human,Antagonist,SC,0
Fox,Non-binary,TN,Unknown,1,0,TN_Fox,Humanoid-Animal,Protagonist,PA,0
Heir,Non-binary,TN,Unknown,0,0,TN_Heir,Humanoid-Animal,Antagonist,MA,0
Tarnished,Custom,ER,Adult,1,0,ER_Tarnished,Human,Protagonist,PA,0
Melina,Female,ER,Adult,0,0,ER_Melina,Human,Protagonist,SK,0
Finger Reader Enia,Female,ER,Unknown,0,0,ER_Finger,Humanoid,Protagonist,SC,0
Queen Marika,Female,ER,Adult,0,0,ER_Queen,Human,Antagonist,MA,0
Two Fingers,Non-binary,ER,Unknown,0,0,ER_Two,Creature,Protagonist,SC,0
Morgott,Male,ER,Adult,0,0,ER_Morgott,Creature,Antagonist,SC,0
Maliketh,Male,ER,Adult,0,0,ER_Maliketh,Creature,Antagonist,SC,0
Radagon,Male,ER,Adult,0,0,ER_Radagon,Human,Antagonist,SC,0
Elden Beast,Non-binary,ER,Unknown,0,0,ER_Elden,Creature,Antagonist,SC,0
Ranni the Witch,Female,ER,Adult,0,0,ER_Ranni,Humanoid,Protagonist,MC,1
Miriel,Male,ER,Adult,0,0,ER_Miriel,Animal,Protagonist,SC,0
Fia,Female,ER,Adult,0,0,ER_Fia,Humanoid,Protagonist,SC,0
Radhan,Male,ER,Adult,0,0,ER_Radhan,Creature,Antagonist,SC,0
Rykard,Male,ER,Adult,0,0,ER_Rykard,Creature,Antagonist,SC,0
Blaidd,Male,ER,Adult,0,0,ER_Blaidd,Humanoid,Protagonist,SC,0
Malenia,Female,ER,Adult,0,0,ER_Malenia,Human,Protagonist,SC,0
Godwyn,Male,ER,Adult,0,0,ER_Godwyn,Human,Antagonist,SC,0
Mohg,Male,ER,Adult,0,0,ER_Mohg,Creature,Antagonist,SC,0
Miquella,Male,ER,Adult,0,0,ER_Miquella,Human,Antagonist,SC,0
Stanley,Male,TSPUD,Adult,1,0,TSPUD_Stanley,Human,Protagonist,PA,0
Narrator,Male,TSPUD,Unknown,0,0,TSPUD_Narrator,Unknown,Antagonist,MA,0
White,Male,NW,Adult,1,0,NW_White,Human,Protagonist,PA,0
Mikey,Male,NW,Unknown,0,0,NW_Mikey,Humanoid-Animal,Protagonist,MC,0
Green,Male,NW,Adult,0,0,NW_Green,Human,Antagonist,MA,0
Believers,Non-binary,NW,Unknown,0,0,NW_Believers,Human,Antagonist,MC,0
Red,Female,NW,Adult,0,1,NW_Red,Human,Protagonist,MC,1
Violet,Female,NW,Adult,0,2,NW_Violet,Human,Both,MC,0
Yellow,Male,NW,Adult,0,0,NW_Yellow,Human,Protagonist,MC,0
Raz,Male,NW,Unknown,0,0,NW_Raz,Humanoid-Animal,Protagonist,SC,0
Gabby,Female,NW,Unknown,0,0,NW_Gabby,Humanoid-Animal,Protagonist,SC,0
Cuphead,Male,CH,Unknown,1,0,CH_Cuphead,Animated Object,Protagonist,PA,0
Mugman,Male,CH,Unknown,1,0,CH_Mugman,Animated Object,Protagonist,PA,0
Elder Kettle,Male,CH,Unknown,0,0,CH_Elder,Animated Object,Protagonist,SC,0
Devil,Male,CH,Unknown,0,0,CH_Devil,Humanoid,Antagonist,MA,0
King Dice,Male,CH,Unknown,0,0,CH_King,Animated Object,Antagonist,SC,0
Porkrind,Male,CH,Unknown,0,0,CH_Porkrind,Humanoid-Animal,Protagonist,SC,0
Chalice the Legendary,Female,CH,Unknown,0,1,CH_Chalice,Animated Object,Protagonist,SC,0
Colt Vahn,Male,DL,Adult,1,0,DL_Colt,Human,Protagonist,PA,0
Juliana,Female,DL,Adult,0,0,DL_Juliana,Human,Both,MA,0
Fia,Female,DL,Adult,0,0,DL_Fia,Human,Antagonist,MC,0
Egor,Male,DL,Adult,0,0,DL_Egor,Human,Antagonist,MC,0
Frank,Male,DL,Adult,0,0,DL_Frank,Human,Antagonist,MC,0
Wenjie,Female,DL,Adult,0,0,DL_Wenjie,Human,Antagonist,MC,0
Charlie,Male,DL,Adult,0,0,DL_Charlie,Human,Antagonist,MC,0
Harriet,Female,DL,Adult,0,0,DL_Harriet,Human,Antagonist,MC,0
Aleksis,Male,DL,Adult,0,0,DL_Aleksis,Human,Antagonist,MC,0
2B,Female,NRA,Young adult,1,1,NRA_2B,Android-Robot,Protagonist,PA,0
9S,Male,NRA,Young adult,1,0,NRA_9S,Android-Robot,Protagonist,DA,0
A2,Female,NRA,Young adult,1,1,NRA_A2,Android-Robot,Both,DA,0
Pods,Non-binary,NRA,Unknown,0,0,NRA_Pods,Robot,Protagonist,SK,0
Adam,Male,NRA,Adult,0,0,NRA_Adam,Android-Robot,Antagonist,MC,0
Eve,Male,NRA,Adult,0,1,NRA_Eve,Android-Robot,Antagonist,MC,0
Red Girls,Female,NRA,Teenager,0,0,NRA_Red,Android-Robot,Antagonist,MC,0
Commander,Female,NRA,Adult,0,0,NRA_Commander,Android-Robot,Protagonist,MC,0
Anemone,Female,NRA,Adult,0,0,NRA_Anemone,Android-Robot,Protagonist,SC,0
Pascal,Male,NRA,Unknown,0,0,NRA_Pascal,Robot,Protagonist,SC,0
Devola,Female,NRA,Adult,0,0,NRA_Devola,Android-Robot,Protagonist,MC,0
Popola,Female,NRA,Adult,0,0,NRA_Popola,Android-Robot,Protagonist,MC,0
Emil,Male,NRA,Child,0,0,NRA_Emil,Human,Protagonist,SC,0
Cal,Male,IWATE,Teenager,0,0,IWATE_Cal,Human,Protagonist,MC,Opt
Anemone,Female,IWATE,Teenager,0,0,IWATE_Anemone,Human,Protagonist,MC,Opt
Dys,Male,IWATE,Teenager,0,0,IWATE_Dys,Human,Protagonist,MC,Opt
Marz,Female,IWATE,Teenager,0,0,IWATE_Marz,Human,Protagonist,MC,Opt
Rex,Male,IWATE,Teenager,0,0,IWATE_Rex,Human,Protagonist,MC,Opt
Tangent,Female,IWATE,Teenager,0,0,IWATE_Tangent,Human,Protagonist,MC,Opt
Vace,Male,IWATE,Teenager,0,0,IWATE_Vace,Human,Protagonist,MC,Opt
Nomi Nomi,Non-binary,IWATE,Teenager,0,0,IWATE_Nomi,Human,Protagonist,MC,Opt
Sym,Male,IWATE,Teenager,0,0,IWATE_Sym,Human,Protagonist,MC,Opt
Tammy,Female,IWATE,Teenager,0,0,IWATE_Tammy,Human,Protagonist,MC,Opt
Protagonist,Custom,IWATE,Teenager,1,0,IWATE_Protagonist,Human,Protagonist,PA,0
Flulu,Female,IWATE,Adult,0,0,IWATE_Flulu,Human,Protagonist,SC,0
Geranium,Male,IWATE,Adult,0,0,IWATE_Geranium,Human,Protagonist,SC,0
Eudicot,Female,IWATE,Elderly,0,0,IWATE_Eudicot,Human,Protagonist,SC,0
Baculum,Male,IWATE,Adult,0,0,IWATE_Baculum,Human,Protagonist,SC,0
Instance,Female,IWATE,Middle-aged,0,0,IWATE_Instance,Human,Protagonist,SC,0
Hal,Male,IWATE,Middle-aged,0,0,IWATE_Hal,Human,Protagonist,SC,0
Tonin,Male,IWATE,Middle-aged,0,0,IWATE_Tonin,Human,Protagonist,SC,0
Utopia,Female,IWATE,Adult,0,0,IWATE_Utopia,Human,Protagonist,SC,0
Rhett,Male,IWATE,Middle-aged,0,0,IWATE_Rhett,Human,Protagonist,SC,0
Congruence,Female,IWATE,Middle-aged,0,0,IWATE_Congruence,Robot,Protagonist,SC,0
Seeq,Non-binary,IWATE,Middle-aged,0,0,IWATE_Seeq,Human,Protagonist,SC,0
Kom,Male,IWATE,Adult,0,0,IWATE_Kom,Human,Protagonist,SC,0
Nougat,Female,IWATE,Child,0,0,IWATE_Nougat,Human,Protagonist,SC,0
Tirah,Female,IWATE,Adult,0,0,IWATE_Tirah,Human,Protagonist,SC,0
Al,Male,IWATE,Adult,0,0,IWATE_Al,Human,Protagonist,SC,0
Bernie,Male,IWATE,Adult,0,0,IWATE_Bernie,Human,Protagonist,SC,0
Marissa Marcel,Female,IMM,Adult,0,0,IMM_Marissa,Human,Protagonist,MC,0
One,Non-binary,IMM,Unknown,0,0,IMM_One,Unknown,Protagonist,PA,0
Other One,Non-binary,IMM,Unknown,0,0,IMM_Other,Unknown,Protagonist,PA,0
John Durick,Male,IMM,Adult,0,0,IMM_John,Human,Protagonist,MC,0
Arthur Fischer,Male,IMM,Adult,0,0,IMM_Arthur,Human,Protagonist,SC,0
Carl Goodman,Male,IMM,Adult,0,0,IMM_Carl,Human,Protagonist,SC,0
Amy Archer,Female,IMM,Adult,0,0,IMM_Amy,Human,Protagonist,SC,0
Harrier Du Bois,Male,DEL,Middle-aged,1,0,DEL_Harrier,Human,Protagonist,PA,0
Kim Kitsuragi,Male,DEL,Middle-aged,0,0,DEL_Kim,Human,Protagonist,DA,0
Alice DeMettrie,Female,DEL,Adult,0,0,DEL_Alice,Human,Protagonist,SC,0
Zagreus,Male,HA,Adult,1,0,HA_Zagreus,Human,Protagonist,PA,0
Hades,Male,HA,Adult,0,0,HA_Hades,Human,Antagonist,MA,0
Persephone,Female,HA,Adult,0,0,HA_Persephone,Human,Protagonist,MC,0
Nyx,Female,HA,Adult,0,0,HA_Nyx,Human,Protagonist,MC,0
Dionysus,Male,HA,Adult,0,0,HA_Dionysus,Human,Protagonist,MC,0
Hermes,Male,HA,Adult,0,0,HA_Hermes,Human,Protagonist,MC,0
Aphrodite,Female,HA,Adult,0,0,HA_Aphrodite,Human,Protagonist,MC,0
Thanatos,Male,HA,Adult,0,0,HA_Thanatos,Human,Protagonist,MC,0
Megaera,Female,HA,Adult,0,0,HA_Megaera,Human,Protagonist,MC,0
Achilles,Male,HA,Adult,0,0,HA_Achilles,Human,Protagonist,MC,0
Artemis,Female,HA,Adult,0,0,HA_Artemis,Human,Protagonist,MC,0
Poseidon,Male,HA,Adult,0,0,HA_Poseidon,Human,Protagonist,MC,0
Zeus,Male,HA,Adult,0,0,HA_Zeus,Human,Protagonist,MC,0
Demeter,Female,HA,Adult,0,0,HA_Demeter,Human,Protagonist,MC,0
Athena,Female,HA,Adult,0,0,HA_Athena,Human,Protagonist,MC,0
Ares,Male,HA,Adult,0,0,HA_Ares,Human,Protagonist,MC,0
Pizza,Non-binary,CACW,Unknown,1,0,CACW_Pizza,Humanoid-Animal,Protagonist,PA,0
Chicory,Female,CACW,Unknown,0,0,CACW_Chicory,Humanoid-Animal,Protagonist,MC,0
Blackberry,Female,CACW,Unknown,0,0,CACW_Blackberry,Humanoid-Animal,Protagonist,MC,0
Cody,Male,ITT,Adult,1,0,ITT_Cody,Human,Protagonist,PA,1
May,Female,ITT,Adult,1,0,ITT_May,Human,Protagonist,PA,1
Rose,Female,ITT,Child,0,0,ITT_Rose,Human,Protagonist,MC,0
Dr.Hakim,Male,ITT,Unknown,0,0,ITT_Dr.Hakim,Animated Object,Protagonist,MC,0
Ellie,Female,TLOU2,Young adult,1,0,TLOU2_Ellie,Human,Both,PA,0
Abby,Female,TLOU2,Young adult,1,0,TLOU2_Abby,Human,Both,PA,0
Joel,Male,TLOU2,Middle-aged,0,0,TLOU2_Joel,Human,Both,MC,0
Tommy,Male,TLOU2,Middle-aged,0,0,TLOU2_Tommy,Human,Both,MC,0
Dina,Female,TLOU2,Young adult,0,0,TLOU2_Dina,Human,Both,MC,1
Jesse,Male,TLOU2,Young adult,0,0,TLOU2_Jesse,Human,Both,MC,0
Lev,Male,TLOU2,Child,0,0,TLOU2_Lev,Human,Both,SC,0
Yara,Female,TLOU2,Teenager,0,0,TLOU2_Yara,Human,Both,SC,0
Manny,Male,TLOU2,Adult,0,0,TLOU2_Manny,Human,Both,SC,0
Owen,Male,TLOU2,Young adult,0,0,TLOU2_Owen,Human,Both,SC,1
Nora,Female,TLOU2,Young adult,0,0,TLOU2_Nora,Human,Both,SC,0
Alyx,Female,HLA,Young adult,1,0,HLA_Alyx,Human,Protagonist,PA,0
Eli Vance,Male,HLA,Middle-aged,0,0,HLA_Eli,Human,Protagonist,MC,0
Russell,Male,HLA,Middle-aged,0,0,HLA_Russell,Human,Protagonist,SK,0
Gary,Male,HLA,Unknown,0,0,HLA_Gary,Humanoid,Protagonist,MC,0
G-Man,Male,HLA,Middle-aged,0,0,HLA_G-Man,Human,Protagonist,MA,0
Ku,Female,OAWW,Unknown,0,0,OAWW_Ku,Animal,Protagonist,MC,0
Naru,Female,OAWW,Unknown,0,0,OAWW_Naru,Creature,Protagonist,SC,0
Ori,Non-binary,OAWW,Unknown,1,0,OAWW_Ori,Creature,Protagonist,PA,0
Gumo,Male,OAWW,Unknown,0,0,OAWW_Gumo,Creature,Protagonist,SC,0
Kwolok,Male,OAWW,Unknown,0,0,OAWW_Kwolok,Creature,Protagonist,MC,0
Sein,Non-binary,OAWW,Unknown,0,0,OAWW_Sein,Animated Object,Protagonist,SK,0
Baur,Male,OAWW,Unknown,0,0,OAWW_Baur,Animal,Protagonist,SC,0
Shriek,Female,OAWW,Unknown,0,0,OAWW_Shriek,Creature,Antagonist,MA,0
Hero,Male,DQXI,Teenager,1,0,DQXI_Hero,Human,Protagonist,PA,0
Rab,Male,DQXI,Elderly,1,0,DQXI_Rab,Human,Protagonist,MC,Opt
Serena,Female,DQXI,Teenager,1,0,DQXI_Serena,Human,Protagonist,MC,Opt
Jade,Female,DQXI,Young adult,1,2,DQXI_Jade,Human,Protagonist,MC,Opt
Erik,Male,DQXI,Young adult,1,0,DQXI_Erik,Human,Protagonist,MC,Opt
Sylvando,Male,DQXI,Adult,1,0,DQXI_Sylvando,Human,Protagonist,MC,Opt
Veronica,Female,DQXI,Teenager,1,0,DQXI_Veronica,Human,Protagonist,MC,Opt
King Carnelian,Male,DQXI,Elderly,0,0,DQXI_King,Human,Both,SC,0
Jasper,Male,DQXI,Adult,0,0,DQXI_Jasper,Human,Both,SC,0
Hendrik,Male,DQXI,Adult,1,0,DQXI_Hendrik,Human,Both,MC,Opt
Mordegon,Male,DQXI,Unknown,0,0,DQXI_Mordegon,Humanoid,Antagonist,MA,0
Calasmos,Male,DQXI,Unknown,0,0,DQXI_Calasmos,Creature,Antagonist,MA,0
Serenica,Female,DQXI,Unknown,0,0,DQXI_Serenica,Human,Protagonist,SC,0
Kiryu,Male,YK0,Young adult,1,0,YK0_Kiryu,Human,Protagonist,PA,0
Nishikiyama,Male,YK0,Young adult,0,0,YK0_Nishikiyama,Human,Protagonist,MC,0
Daisaku Kuze,Male,YK0,Middle-aged,0,0,YK0_Daisaku,Human,Antagonist,MC,0
Keiji Shibusawa,Male,YK0,Middle-aged,0,0,YK0_Keiji,Human,Antagonist,MA,0
Hiroki Awano,Male,YK0,Middle-aged,0,0,YK0_Hiroki,Human,Antagonist,MC,0
Soehi Dojima,Male,YK0,Middle-aged,0,0,YK0_Soehi,Human,Antagonist,MC,0
Tachibana,Male,YK0,Adult,0,0,YK0_Tachibana,Human,Protagonist,DA,0
Goro Majima,Male,YK0,Young adult,1,0,YK0_Goro,Human,Protagonist,PA,0
Shimano,Male,YK0,Middle-aged,0,0,YK0_Shimano,Human,Antagonist,MC,0
Sagawa,Male,YK0,Middle-aged,0,0,YK0_Sagawa,Human,Antagonist,MC,0
Makoto,Female,YK0,Young adult,0,2,YK0_Makoto,Human,Protagonist,DA,0
Wen Hai Lee,Male,YK0,Adult,0,0,YK0_Wen,Human,Protagonist,SC,0
Homare Nishitane,Male,YK0,Young adult,0,0,YK0_Homare,Human,Antagonist,SC,0
Oda,Male,YK0,Adult,0,0,YK0_Oda,Human,Antagonist,SC,0
Reina,Female,YK0,Adult,0,0,YK0_Reina,Human,Protagonist,SC,0
Sera,Male,YK0,Adult,0,0,YK0_Sera,Human,Protagonist,SC,0
Lao Gui,Male,YK0,Middle-aged,0,0,YK0_Lao,Human,Antagonist,SC,0
User,Non-binary,TINGWD,Unknown,1,0,TINGWD_User,Human,Protagonist,PA,0
Game,Male,TINGWD,Unknown,0,0,TINGWD_Game,Robot,Protagonist,DA,0
GiGi,Female,TINGWD,Unknown,0,1,TINGWD_GiGi,Robot,Protagonist,MC,1
Glitch,Male,TINGWD,Unknown,0,0,TINGWD_Glitch,Robot,Antagonist,MA,0
Creator,Male,TINGWD,Adult,0,0,TINGWD_Creator,Human,Antagonist,SC,0
Godwoken,Custom,DOS2,Adult,1,0,DOS2_Godwoken,Human,Protagonist,PA,0
Alexandar,Male,DOS2,Adult,0,0,DOS2_Alexandar,Human,Antagonist,SC,0
Dallis,Female,DOS2,Adult,0,0,DOS2_Dallis,Human,Antagonist,MC,0
Lucian,Male,DOS2,Adult,0,0,DOS2_Lucian,Human,Antagonist,SC,0
Braccus Rex,Male,DOS2,Adult,0,0,DOS2_Braccus,Human,Antagonist,SC,0
Beast,Male,DOS2,Adult,1,0,DOS2_Beast,Human,Protagonist,MC,Opt
Sebille,Female,DOS2,Adult,1,0,DOS2_Sebille,Human,Protagonist,MC,Opt
Ifan Ben-Mezd,Male,DOS2,Adult,1,0,DOS2_Ifan,Human,Protagonist,MC,Opt
Red Prince,Male,DOS2,Adult,1,0,DOS2_Red,Humanoid,Protagonist,MC,Opt
Fane,Male,DOS2,Adult,1,0,DOS2_Fane,Humanoid,Protagonist,MC,Opt
Lohse,Female,DOS2,Adult,1,0,DOS2_Lohse,Human,Protagonist,MC,Opt
Sekiro Wolf,Male,SSDT,Adult,1,0,SSDT_Sekiro,Human,Protagonist,PA,0
Kuro Divine Lord,Male,SSDT,Child,0,1,SSDT_Kuro,Human,Protagonist,DA,0
Commander,Male,SSDT,Adult,0,0,SSDT_Commander,Human,Antagonist,SC,0
Isshin,Male,SSDT,Elderly,0,0,SSDT_Isshin,Human,Antagonist,MC,0
Genichiro,Male,SSDT,Adult,0,0,SSDT_Genichiro,Human,Antagonist,MA,0
Emma,Female,SSDT,Adult,0,0,SSDT_Emma,Human,Both,SC,0
Owl,Male,SSDT,Elderly,0,0,SSDT_Owl,Human,Both,SC,0
Sculptor,Male,SSDT,Elderly,0,0,SSDT_Sculptor,Human,Both,SC,0
Ori,Non-binary,OABF,Unknown,1,0,OABF_Ori,Creature,Protagonist,PA,0
Kuro,Female,OABF,Unknown,0,0,OABF_Kuro,Animal,Antagonist,MA,0
Naru,Female,OABF,Unknown,0,0,OABF_Naru,Creature,Protagonist,MC,0
Gumo,Male,OABF,Unknown,0,0,OABF_Gumo,Creature,Both,SC,0
Sein,Non-binary,OABF,Unknown,0,0,OABF_Sein,Animated Object,Protagonist,SK,0
Nero,Male,DMC5,Young adult,1,0,DMC5_Nero,Human,Protagonist,PA,0
Dante,Male,DMC5,Middle-aged,1,0,DMC5_Dante,Human,Protagonist,DA,0
Nico,Female,DMC5,Adult,0,0,DMC5_Nico,Human,Protagonist,SK,0
V,Male,DMC5,Adult,1,0,DMC5_V,Human,Both,PA,0
Urizen,Male,DMC5,Unknown,0,0,DMC5_Urizen,Creature,Antagonist,MA,0
Lady,Female,DMC5,Adult,0,0,DMC5_Lady,Human,Protagonist,SC,0
Trish,Female,DMC5,Unknown,0,0,DMC5_Trish,Human,Protagonist,SC,0
Vergil,Male,DMC5,Middle-aged,0,0,DMC5_Vergil,Human,Antagonist,MC,0
Byleth,Custom,FE3H,Adult,1,0,FE3H_Byleth,Human,Protagonist,PA,0
Sothis,Female,FE3H,Unknown,0,0,FE3H_Sothis,Human,Protagonist,SK,0
Edelgard,Female,FE3H,Young adult,1,0,FE3H_Edelgard,Human,Both,MC,Opt
Dimitri Prince,Male,FE3H,Young adult,1,0,FE3H_Dimitri,Human,Both,MC,0
Claude,Male,FE3H,Young adult,1,0,FE3H_Claude,Human,Both,MC,0
Jeralt,Male,FE3H,Elderly,0,0,FE3H_Jeralt,Human,Both,MC,0
Rhea,Female,FE3H,Unknown,0,0,FE3H_Rhea,Human,Both,MC,Opt
Flame Emperor,Male,FE3H,Unknown,0,0,FE3H_Flame,Human,Both,SC,0
Nemesis,Male,FE3H,Unknown,0,0,FE3H_Nemesis,Human,Both,SC,0
Aelfric,Female,FE3H,Adult,0,0,FE3H_Aelfric,Human,Both,SC,0
Thales,Male,FE3H,Unknown,0,0,FE3H_Thales,Human,Antagonist,MA,0
Edith,Female,WROEF,Teenager,1,0,WROEF_Edith,Human,Protagonist,PA,0
Edie,Female,WROEF,Elderly,0,0,WROEF_Edie,Human,Protagonist,MC,0
Dawn,Female,WROEF,Middle-aged,0,0,WROEF_Dawn,Human,Protagonist,MC,0
Sven,Male,WROEF,Middle-aged,0,0,WROEF_Sven,Human,Protagonist,MC,0
Molly,Female,WROEF,Child,0,0,WROEF_Molly,Human,Protagonist,MC,0
Barbara,Female,WROEF,Teenager,0,0,WROEF_Barbara,Human,Protagonist,MC,0
Sanjay,Male,WROEF,Adult,0,0,WROEF_Sanjay,Human,Protagonist,SC,0
Lewis,Male,WROEF,Young adult,0,0,WROEF_Lewis,Human,Protagonist,MC,0
Milton,Male,WROEF,Child,0,0,WROEF_Milton,Human,Protagonist,MC,0
Christopher,Male,WROEF,Child,0,0,WROEF_Christopher,Human,Protagonist,SC,0
Sam,Male,WROEF,Adult,0,0,WROEF_Sam,Human,Protagonist,MC,0
Gus,Male,WROEF,Child,0,0,WROEF_Gus,Human,Protagonist,MC,0
Gregory,Male,WROEF,Young adult,0,0,WROEF_Gregory,Human,Protagonist,MC,0
Kay,Female,WROEF,Middle-aged,0,0,WROEF_Kay,Human,Protagonist,SC,0
Walter,Male,WROEF,Middle-aged,0,0,WROEF_Walter,Human,Protagonist,MC,0
Calvin,Male,WROEF,Child,0,0,WROEF_Calvin,Human,Protagonist,MC,0
Odin,Male,WROEF,Unknown,0,0,WROEF_Odin,Human,Protagonist,SC,0
Madeline,Female,CLS,Young adult,1,0,CLS_Madeline,Human,Protagonist,PA,0
Celia,Female,CLS,Elderly,0,0,CLS_Celia,Human,Both,MC,0
Theo,Male,CLS,Adult,0,0,CLS_Theo,Human,Protagonist,MC,0
Badeline,Female,CLS,Young adult,1,0,CLS_Badeline,Human,Both,MA,0
Mr.Oshiro,Male,CLS,Elderly,0,0,CLS_Mr.Oshiro,Creature,Both,SC,0
Bird,Non-binary,CLS,Unknown,0,0,CLS_Bird,Animal,Protagonist,SK,0
Prisoner,Non-binary,DC,Unknown,1,0,DC_Prisoner,Creature,Protagonist,PA,0
Collector,Male,DC,Unknown,0,0,DC_Collector,Humanoid,Protagonist,MC,0
King,Male,DC,Unknown,0,0,DC_King,Human,Antagonist,MA,0
Tutorial Knight,Female,DC,Unknown,0,0,DC_Tutorial,Human,Protagonist,SC,0
Gollum,Male,DC,Unknown,0,0,DC_Gollum,Humanoid,Protagonist,SC,0
Knight,Non-binary,HLKN,Unknown,1,0,HLKN_Knight,Humanoid,Protagonist,PA,0
Pale King,Male,HLKN,Unknown,0,0,HLKN_Pale,Humanoid,Antagonist,MC,0
Hornet,Female,HLKN,Unknown,0,0,HLKN_Hornet,Humanoid,Both,MC,0
Radiance,Female,HLKN,Unknown,0,0,HLKN_Radiance,Creature,Antagonist,MA,0
Hollow Knight,Non-binary,HLKN,Unknown,0,0,HLKN_Hollow,Humanoid,Antagonist,MC,0
Mr.Mushroom,Male,HLKN,Unknown,0,0,HLKN_Mr.Mushroom,Animated Plant,Protagonist,SC,0
Lurien,Male,HLKN,Unknown,0,0,HLKN_Lurien,Creature,Protagonist,SC,0
Monomon,Female,HLKN,Unknown,0,0,HLKN_Monomon,Creature,Protagonist,SC,0
Herrah,Female,HLKN,Unknown,0,0,HLKN_Herrah,Humanoid,Protagonist,SC,0
Quirrel,Male,HLKN,Unknown,0,0,HLKN_Quirrel,Humanoid,Protagonist,MC,0
Cloth,Female,HLKN,Unknown,0,0,HLKN_Cloth,Humanoid,Protagonist,SC,0
Cornifer,Male,HLKN,Unknown,0,0,HLKN_Cornifer,Humanoid,Protagonist,SC,0
Tiso,Male,HLKN,Unknown,0,0,HLKN_Tiso,Humanoid,Protagonist,SC,0
Zote,Male,HLKN,Unknown,0,0,HLKN_Zote,Humanoid,Protagonist,SC,0
White Lady,Female,HLKN,Unknown,0,0,HLKN_White,Creature,Protagonist,SC,0
Elderburg,Male,HLKN,Unknown,0,0,HLKN_Elderburg,Humanoid,Protagonist,SC,0
Mae Borowski,Female,NITW,Young adult,1,0,NITW_Mae,Humanoid-Animal,Protagonist,PA,0
Bea Santello,Female,NITW,Young adult,0,0,NITW_Bea,Humanoid-Animal,Protagonist,MC,0
Gregg Lee,Male,NITW,Young adult,0,0,NITW_Gregg,Humanoid-Animal,Protagonist,MC,0
Angus Delaney,Male,NITW,Young adult,0,0,NITW_Angus,Humanoid-Animal,Protagonist,MC,0
Casey Hartley,Female,NITW,Young adult,0,0,NITW_Casey,Humanoid-Animal,Protagonist,SC,0
Black Goat,Non-binary,NITW,Unknown,0,0,NITW_Black,Humanoid-Animal,Antagonist,SC,0
Germ,Male,NITW,Young adult,0,0,NITW_Germ,Humanoid-Animal,Protagonist,SC,0
Aunt Molly,Female,NITW,Middle-aged,0,0,NITW_Aunt,Humanoid-Animal,Protagonist,SC,0
Cult,Non-binary,NITW,Unknown,0,0,NITW_Cult,Unknown,Antagonist,MA,0
Bayonetta,Female,BY2,Unknown,1,2,BY2_Bayonetta,Human,Protagonist,PA,0
Enzo,Male,BY2,Unknown,0,0,BY2_Enzo,Human,Protagonist,MC,0
Jeanne,Female,BY2,Unknown,0,2,BY2_Jeanne,Human,Protagonist,MC,0
Inferno,Male,BY2,Unknown,0,0,BY2_Inferno,Human,Antagonist,MC,0
Lumen Sage,Male,BY2,Unknown,0,0,BY2_Lumen,Human,Antagonist,MC,0
Balder,Male,BY2,Unknown,0,0,BY2_Balder,Human,Antagonist,MC,0
Luka,Male,BY2,Unknown,0,0,BY2_Luka,Human,Protagonist,SC,0
Loki,Male,BY2,Unknown,0,0,BY2_Loki,Human,Protagonist,MC,0
Rodin,Male,BY2,Unknown,0,0,BY2_Rodin,Humanoid,Antagonist,MC,0
Rosa,Female,BY2,Unknown,0,0,BY2_Rosa,Human,Protagonist,SC,0
Loptr,Male,BY2,Unknown,0,0,BY2_Loptr,Human,Antagonist,MA,0
Vella Tartine,Female,BRA,Teenager,1,0,BRA_Vella,Human,Protagonist,PA,0
Levina,Female,BRA,Elderly,0,0,BRA_Levina,Human,Protagonist,SC,0
Jessie,Female,BRA,Unknown,0,0,BRA_Jessie,Animal,Protagonist,SC,0
Ch't,Male,BRA,Teenager,0,0,BRA_Ch't,Human,Protagonist,SC,0
Maggie,Female,BRA,Teenager,0,0,BRA_Maggie,Human,Protagonist,SC,0
Gus,Male,BRA,Adult,0,0,BRA_Gus,Human,Protagonist,SC,0
Brommel,Male,BRA,Elderly,0,0,BRA_Brommel,Human,Protagonist,SC,0
Morelia,Female,BRA,Adult,0,0,BRA_Morelia,Human,Protagonist,SC,0
Husker,Male,BRA,Adult,0,0,BRA_Husker,Human,Protagonist,SC,0
Alex,Male,BRA,Adult,0,0,BRA_Alex,Human,Protagonist,SC,0
Shay,Male,BRA,Teenager,1,0,BRA_Shay,Human,Protagonist,PA,0
Hope,Female,BRA,Adult,0,0,BRA_Hope,Human,Protagonist,MC,0
Marek,Male,BRA,Unknown,0,0,BRA_Marek,Humanoid,Antagonist,MA,0
Grabbin Gary,Male,BRA,Unknown,0,0,BRA_Grabbin,Robot,Protagonist,SC,0
Ray Volta,Male,BRA,Adult,0,0,BRA_Ray,Human,Protagonist,MC,0
Rocky,Female,BRA,Child,0,0,BRA_Rocky,Human,Protagonist,SC,0
Venom Snake,Male,MGSV,Adult,1,0,MGSV_Venom,Human,Protagonist,PA,0
Quiet,Female,MGSV,Adult,0,0,MGSV_Quiet,Human,Protagonist,MC,0
Revolver Ocelot,Male,MGSV,Adult,0,0,MGSV_Revolver,Human,Protagonist,MC,0
Kazuhira Miller,Male,MGSV,Adult,0,0,MGSV_Kazuhira,Human,Protagonist,MC,0
Dr.Huey Emmerich,Male,MGSV,Adult,0,0,MGSV_Dr.Huey,Human,Protagonist,MC,0
Code Talker,Male,MGSV,Elderly,0,0,MGSV_Code,Human,Protagonist,MC,0
Eli,Male,MGSV,Child,0,0,MGSV_Eli,Human,Protagonist,SC,0
Zero,Male,MGSV,Elderly,0,0,MGSV_Zero,Human,Protagonist,SC,0
Skull Face,Male,MGSV,Middle-aged,0,0,MGSV_Skull,Human,Antagonist,MA,0
Sahelanthropus,Non-binary,MGSV,Unknown,0,0,MGSV_Sahelanthropus,Robot,Protagonist,SC,0
Swapper,Female,TSWP,Unknown,1,0,TSWP_Swapper,Human,Protagonist,PA,0
Head Watcher,Non-binary,TSWP,Unknown,0,0,TSWP_Head,Unknown,Antagonist,MA,0
Dennet,Female,TSWP,Unknown,0,0,TSWP_Dennet,Human,Protagonist,MC,0
Chalmers,Female,TSWP,Unknown,0,0,TSWP_Chalmers,Human,Protagonist,MC,0
Marcus,Male,TSWP,Unknown,0,0,TSWP_Marcus,Human,Protagonist,SC,0
Captain,Male,TSWP,Unknown,0,0,TSWP_Captain,Human,Antagonist,SC,0
Otus,Male,OWB,Child,1,0,OWB_Otus,Humanoid,Protagonist,PA,0
Asio,Male,OWB,Elderly,0,0,OWB_Asio,Humanoid,Protagonist,MC,0
Geddy,Male,OWB,Young adult,0,0,OWB_Geddy,Human,Protagonist,SK,0
Alphonse,Male,OWB,Adult,0,0,OWB_Alphonse,Android-Robot,Protagonist,MC,0
Twig,Male,OWB,Unknown,0,0,OWB_Twig,Humanoid,Protagonist,MC,0
Dirk,Male,OWB,Unknown,0,0,OWB_Dirk,Android-Robot,Antagonist,MC,0
Molstrom,Male,OWB,Unknown,0,0,OWB_Molstrom,Android-Robot,Antagonist,MA,0
Solus,Male,OWB,Unknown,0,0,OWB_Solus,Humanoid-Animal,Antagonist,MC,0
Bearer of the Course,Custom,DS2,Unknown,1,0,DS2_Bearer,Human,Protagonist,PA,0
Emerald Herald,Female,DS2,Unknown,0,0,DS2_Emerald,Human,Protagonist,SK,0
Nashandra,Female,DS2,Unknown,0,0,DS2_Nashandra,Humanoid,Antagonist,MA,0
Vendrick,Male,DS2,Unknown,0,0,DS2_Vendrick,Humanoid,Antagonist,MC,0
Aldia,Male,DS2,Unknown,0,0,DS2_Aldia,Humanoid,Antagonist,SC,0
Isaac,Male,TBOIR,Child,1,0,TBOIR_Isaac,Human,Protagonist,PA,0
Mother,Female,TBOIR,Adult,0,0,TBOIR_Mother,Human,Antagonist,MA,0
Magdalene,Female,TBOIR,Child,1,0,TBOIR_Magdalene,Human,Protagonist,MC,0
Cain,Male,TBOIR,Child,1,0,TBOIR_Cain,Human,Protagonist,MC,0
Judas,Male,TBOIR,Child,1,0,TBOIR_Judas,Human,Protagonist,MC,0
Noname,Male,TBOIR,Child,1,0,TBOIR_Noname,Human,Protagonist,MC,0
Eve,Female,TBOIR,Child,1,0,TBOIR_Eve,Human,Protagonist,SC,0
Samson,Male,TBOIR,Child,1,0,TBOIR_Samson,Human,Protagonist,SC,0
Azazel,Male,TBOIR,Child,1,0,TBOIR_Azazel,Human,Protagonist,SC,0
Lazarus,Male,TBOIR,Child,1,0,TBOIR_Lazarus,Human,Protagonist,SC,0
The Lost,Non-binary,TBOIR,Child,1,0,TBOIR_The,Human,Protagonist,SC,0
Aurora,Female,COL,Teenager,1,0,COL_Aurora,Human,Protagonist,PA,0
Duke,Male,COL,Middle-aged,0,0,COL_Duke,Human,Protagonist,MC,0
Igniculus,Male,COL,Unknown,1,0,COL_Igniculus,Creature,Protagonist,SK,0
Lady of the Forest,Female,COL,Middle-aged,0,0,COL_Lady,Human,Protagonist,MC,0
Rubella,Female,COL,Young adult,1,0,COL_Rubella,Human,Protagonist,SC,0
Finn,Male,COL,Child,1,0,COL_Finn,Human,Protagonist,SC,0
Norah / Nox,Female,COL,Young adult,1,0,COL_Norah,Human,Both,MC,0
Robert,Male,COL,Unknown,1,0,COL_Robert,Humanoid-Animal,Protagonist,SC,0
Tristis,Male,COL,Adult,1,0,COL_Tristis,Human,Protagonist,SC,0
Cordelia / Crepusculum,Female,COL,Adult,0,0,COL_Cordelia,Human,Antagonist,SC,0
Umbra,Female,COL,Middle-aged,0,0,COL_Umbra,Human,Antagonist,MA,0
Oengus,Male,COL,Unknown,1,0,COL_Oengus,Humanoid,Protagonist,SC,0
Genovefa,Female,COL,Teenager,1,0,COL_Genovefa,Humanoid,Protagonist,SC,0
FLorence Yeoh,Female,FLR,Adult,1,0,FLR_FLorence,Human,Protagonist,PA,0
Krish,Male,FLR,Adult,0,0,FLR_Krish,Human,Protagonist,DA,1
Miles Morales,Male,MSMMM,Teenager,1,0,MSMMM_Miles,Human,Protagonist,PA,0
Simon Krieger,Male,MSMMM,Adult,0,0,MSMMM_Simon,Human,Antagonist,MA,0
Rio Morales,Female,MSMMM,Middle-aged,0,0,MSMMM_Rio,Human,Protagonist,MC,0
Rhino,Male,MSMMM,Middle-aged,0,0,MSMMM_Rhino,Human,Antagonist,SC,0
Parker,Male,MSMMM,Adult,0,0,MSMMM_Parker,Human,Protagonist,SC,0
Ganke Lee,Male,MSMMM,Teenager,0,0,MSMMM_Ganke,Human,Protagonist,SK,0
Aaron Davis,Male,MSMMM,Middle-aged,0,0,MSMMM_Aaron,Human,Both,MC,0
Danika Hart,Female,MSMMM,Young adult,0,0,MSMMM_Danika,Human,Protagonist,MC,0
Gloria Davila,Female,MSMMM,Adult,0,0,MSMMM_Gloria,Human,Protagonist,SC,0
Hailey Cooper,Female,MSMMM,Young adult,0,0,MSMMM_Hailey,Human,Protagonist,SC,0
Rick Mason,Male,MSMMM,Adult,0,0,MSMMM_Rick,Human,Antagonist,SC,0
Phin Mason,Female,MSMMM,Teenager,0,0,MSMMM_Phin,Human,Both,MC,0
Kena,Female,KBOS,Teenager,1,0,KBOS_Kena,Human,Protagonist,PA,0
Rot,Non-binary,KBOS,Unknown,0,0,KBOS_Rot,Creature,Protagonist,SK,0
Toshi,Male,KBOS,Unknown,0,0,KBOS_Toshi,Human,Antagonist,MA,0
Zajuro,Male,KBOS,Elderly,0,0,KBOS_Zajuro,Human,Protagonist,MC,0
Saiya,Female,KBOS,Infant,0,0,KBOS_Saiya,Human,Protagonist,SC,0
Beni,Male,KBOS,Infant,0,0,KBOS_Beni,Human,Protagonist,SC,0
Taro,Male,KBOS,Child,0,0,KBOS_Taro,Human,Protagonist,SC,0
Rusu,Male,KBOS,Adult,0,0,KBOS_Rusu,Human,Protagonist,SC,0
Adira,Female,KBOS,Adult,0,0,KBOS_Adira,Human,Protagonist,SC,0
Hana,Female,KBOS,Adult,0,0,KBOS_Hana,Human,Protagonist,SC,0
